,nombre,apellido
0,Jennifer,Doyle
1,Jonathan,Fletcher
2,Sean,Fox
3,David,Gutierrez
4,Brandy,Thompson
5,Jonathan,Krause
6,Beth,Myers
7,Justin,Roberson
8,Paul,Ramirez
9,Melissa,Williams
10,Anthony,Hall
11,Nicholas,Johnson
12,Shelley,Romero
13,Joan,Williams
14,Ana,Henry
15,Nicholas,Abbott
16,Javier,Cook
17,Steven,Snyder
18,Nicholas,Crosby
19,Gloria,Johnson
20,Heather,Mcintyre
21,Rebecca,Mitchell
22,James,Hicks
23,Rebecca,Miller
24,Matthew,Kelly
25,Matthew,Mueller
26,Lisa,Burns
27,Raymond,Booth
28,Sean,Bauer
29,Daniel,Bonilla
30,Corey,Martinez
31,Brian,Mcclure
32,Darren,Sexton
33,Andrew,Rodriguez
34,Jennifer,Levy
35,Amy,Goodman
36,Ricky,Valdez
37,Amy,Macdonald
38,Brian,Murphy
39,Megan,Dean
40,Robert,Smith
41,Ellen,Walton
42,Tony,Roberts
43,Amanda,Blankenship
44,Nichole,Davidson
45,Margaret,Dean
46,Eugene,Oconnell
47,Patricia,Preston
48,Matthew,Reeves
49,Craig,Yoder
50,Debra,Wu
51,Daniel,Adams
52,Jonathan,Williams
53,Robin,Chavez
54,Nathan,Reyes
55,Joshua,Garrett
56,Heather,Coleman
57,Dustin,Cisneros
58,Corey,Smith
59,Glenn,Ray
60,Justin,Snyder
61,Meghan,Bates
62,Kelly,Christian
63,Loretta,Wilcox
64,Brandi,White
65,Tracey,Moore
66,Mark,King
67,Karen,Garcia
68,Diane,Gregory
69,Andrew,Weber
70,Jacqueline,Bennett
71,Tyler,Alexander
72,Tammy,Hawkins
73,Lisa,Morris
74,Stacy,Adams
75,Mark,Scott
76,Matthew,Williams
77,Taylor,Adkins
78,Jason,Harrison
79,Melissa,Hamilton
80,George,Hoffman
81,Thomas,Pierce
82,Matthew,Smith
83,Anthony,Rose
84,Danny,Garcia
85,Adam,Anthony
86,Jose,Rodriguez
87,Shannon,Vasquez
88,Heather,Rodgers
89,Lisa,Wilson
90,Dan,Wagner
91,John,Davis
92,Christopher,Allen
93,Noah,Walker
94,Jason,Paul
95,Nathan,Jones
96,Lance,Robinson
97,William,Turner
98,Timothy,Daniels
99,Christopher,Hall
100,Mary,Clark
101,Gary,Lee
102,Mark,Gray
103,John,Hunt
104,Danielle,Mays
105,Robert,Herring
106,Michael,Armstrong
107,Nicole,Quinn
108,Robert,Parker
109,Jerome,Phillips
110,Cynthia,Ryan
111,John,Flores
112,Darrell,Walker
113,Rachel,Francis
114,Jeffrey,Davis
115,Joshua,Joseph
116,Taylor,Morgan
117,Courtney,Werner
118,Mitchell,Sexton
119,William,Jackson
120,Sarah,Berger
121,Christina,Walker
122,Mark,Sanders
123,Timothy,Mclean
124,Amy,Gates
125,Angela,Gomez
126,Ryan,Warner
127,Robert,Montes
128,Brandon,Armstrong
129,Robert,Wallace
130,Amber,Arnold
131,Brad,Rose
132,Dominique,Johns
133,Kristen,Jones
134,Mary,Perez
135,Kristopher,Mitchell
136,Edward,Cox
137,Erin,Rodriguez
138,Michael,Roberts
139,Christie,Moore
140,Brendan,Lopez
141,Maureen,Phillips
142,Darius,Moore
143,Ricardo,Mueller
144,Todd,Hartman
145,James,Gonzales
146,Gerald,Moreno
147,Megan,Hendricks
148,Thomas,Harrison
149,Jose,Sims
150,Gary,Grant
151,Emily,Camacho
152,Anthony,Lambert
153,Alexandra,Martin
154,Robert,Myers
155,Jaime,Vargas
156,Lee,Joyce
157,Rick,Roberts
158,Sherry,Ortiz
159,David,Frost
160,Edwin,Vasquez
161,Christina,Jones
162,Carl,Perry
163,Bruce,Lynch
164,Douglas,Williams
165,Todd,Wolf
166,Kristen,Smith
167,Nathan,Tucker
168,Laura,Mayo
169,Felicia,Williams
170,Corey,Brown
171,Sarah,Pugh
172,Chad,Mcintosh
173,Suzanne,Knight
174,Angela,Kirk
175,Kelli,Singleton
176,Brenda,Wade
177,Tara,Wilson
178,Elizabeth,Brown
179,Brenda,Webster
180,Deborah,Nelson
181,Michael,Cowan
182,Briana,Wyatt
183,Rodney,Dixon
184,Walter,Villegas
185,Heather,Carter
186,Karen,Preston
187,Amanda,Martin
188,Makayla,Tate
189,Stacy,Flynn
190,Kristy,Kelly
191,Sharon,Bryant
192,Daniel,Harrell
193,James,Daniels
194,Miranda,Robinson
195,Sara,Phillips
196,James,Schmidt
197,Michelle,Lopez
198,Rachel,White
199,Christina,Romero
200,Robert,Rodriguez
201,Scott,Mcdonald
202,Anthony,Parker
203,Tracy,Miller
204,Justin,Rivera
205,Michaela,Francis
206,Jason,Robinson
207,Raymond,Bryant
208,Anthony,Carson
209,Katie,Grant
210,Robert,Stevens
211,Patrick,Dominguez
212,Meagan,Gilbert
213,John,Chen
214,Lauren,Raymond
215,Michael,Hodges
216,Nicolas,Bean
217,Cristian,Sanchez
218,Rachel,Spencer
219,James,Howard
220,William,French
221,Mikayla,Herman
222,Melinda,Reynolds
223,Amber,Golden
224,Ryan,Gilbert
225,Kevin,Oliver
226,William,Mills
227,Donna,Fox
228,Keith,Walker
229,Dean,Lindsey
230,Scott,Johns
231,Alicia,Mason
232,Larry,Johnston
233,Anthony,Black
234,Larry,Collins
235,Kimberly,Grant
236,Elizabeth,Anderson
237,Krystal,Salazar
238,Christine,Jackson
239,Rebecca,Thomas
240,Tamara,Quinn
241,Isabella,Jensen
242,Anthony,Bird
243,Joshua,Cruz
244,Colton,Koch
245,Nancy,Shepard
246,Raymond,Allen
247,Amy,Kelley
248,Aaron,Fuller
249,Benjamin,King
250,William,Pacheco
251,Abigail,Petersen
252,David,Foster
253,Keith,Cook
254,Jennifer,Richardson
255,Raymond,Hensley
256,Nathan,Keller
257,David,Dalton
258,James,Cox
259,Jillian,Williamson
260,Brooke,Roberts
261,Allison,Gonzalez
262,Lisa,Aguilar
263,Denise,Lyons
264,Stephanie,Hughes
265,Angela,Bowen
266,Julia,Saunders
267,Angela,Wilson
268,Gregory,Horton
269,Janet,Matthews
270,Cassandra,Orr
271,Brian,Evans
272,Joshua,Walsh
273,Brianna,Crawford
274,Jessica,Stone
275,Tara,Harvey
276,Samantha,Lara
277,Heather,Morse
278,Amber,Werner
279,Vickie,Reeves
280,Carol,Simpson
281,Destiny,Brown
282,Shawn,Brown
283,Joel,Howard
284,Jeffrey,Alexander
285,Kathleen,Kline
286,Brady,Campbell
287,Rachel,Alexander
288,Michael,Fernandez
289,Lori,Guerrero
290,Richard,Walker
291,Nicholas,Martin
292,Molly,Glover
293,Charles,Gonzalez
294,Anthony,Hoffman
295,Jesus,Williams
296,Lindsay,Rogers
297,Amanda,Davis
298,Jason,Davis
299,Brittany,Browning
